{"res": [{"application_type": 2, "type_name": "mod", "department_name": "商城平台部", "note": "微预约后台服务模块", "name": "mall-mod-booking"}, {"application_type": 2, "type_name": "mod", "department_name": "商城平台部", "note": "微商城后台服务模块", "name": "mall-mod-cart"}, {"application_type": 1, "type_name": "web", "department_name": "商城平台部", "note": "微商城商户后台Web应用", "name": "mall-web-admin"}, {"application_type": 2, "type_name": "mod", "department_name": "营销平台部", "note": "聚引客平台后端服务接口实现（对外接口）", "name": "advertise-mod-cart"}, {"application_type": 2, "type_name": "mod", "department_name": "营销平台部", "note": "营销平台数据访问层实现(不对外提供服务)", "name": "promotion-mod-dal"}, {"application_type": 2, "type_name": "mod", "department_name": "营销平台部", "note": "营销平台后端服务接口实现（对外接口）", "name": "promotion-mod-marketing"}, {"application_type": 2, "type_name": "mod", "department_name": "营销平台部", "note": "卡券后端服务实现（对外接口）", "name": "saofu-mod-card"}, {"application_type": 3, "type_name": "api", "department_name": "营销平台部", "note": "营销平台推送消息处理应用", "name": "promotion-app-push"}, {"application_type": 1, "type_name": "web", "department_name": "营销平台部", "note": "聚引客商户后台Web应用", "name": "advertise-web-admin"}, {"application_type": 1, "type_name": "web", "department_name": "营销平台部", "note": "聚引客运营管理后台Web应用", "name": "advertise-web-oem"}, {"application_type": 1, "type_name": "web", "department_name": "营销平台部", "note": "卡券综合管理后台Web应用", "name": "saofu-oem-card"}, {"application_type": 0, "type_name": "mod(api)", "department_name": "商户平台部", "note": "硬件管理平台统一中转服务", "name": "hop-mod-broker"}, {"application_type": 2, "type_name": "mod", "department_name": "商户平台部", "note": "OEM管理服务", "name": "hop-mod-oem"}, {"application_type": 2, "type_name": "mod", "department_name": "商户平台部", "note": "掌贝统一推送服务", "name": "hop-mod-push"}, {"application_type": 0, "type_name": "mod(api)", "department_name": "商户平台部", "note": "掌贝中转服务", "name": "saofu-mod-broker"}, {"application_type": 2, "type_name": "mod", "department_name": "商户平台部", "note": "地推高手服务", "name": "saofu-mod-ditui"}, {"application_type": 2, "type_name": "mod", "department_name": "商户平台部", "note": "微信公众号相关服务", "name": "saofu-mod-weixin"}, {"application_type": 2, "type_name": "mod", "department_name": "商户平台部", "note": "掌贝商户、设备等基础管理服务", "name": "saofu-mod-shop"}, {"application_type": 2, "type_name": "mod", "department_name": "商户平台部", "note": "掌贝权限管理服务", "name": "saofu-mod-sys"}, {"application_type": 2, "type_name": "mod", "department_name": "商户平台部", "note": "商户平台部定时任务服务", "name": "shop-mod-job"}, {"application_type": 2, "type_name": "mod", "department_name": "商户平台部", "note": "商户平台部短信计费模块", "name": "shop-mod-sms"}, {"application_type": 1, "type_name": "web", "department_name": "商户平台部", "note": "商户后台-商户模块", "name": "saofu-shop-shop"}, {"application_type": 1, "type_name": "web", "department_name": "商户平台部", "note": "商户后台-系统模块，目前用来做商户后台、设备端权限管理", "name": "saofu-shop-sys"}, {"application_type": 1, "type_name": "web", "department_name": "商户平台部", "note": "商户后台-入口模块", "name": "saofu-web"}, {"application_type": 1, "type_name": "web", "department_name": "商户平台部", "note": "微信C端商户后台的H5展示项目", "name": "bossapp"}, {"application_type": 1, "type_name": "web", "department_name": "商户平台部", "note": "综合管理平台", "name": "saofu-agent-admin"}, {"application_type": 1, "type_name": "web", "department_name": "商户平台部", "note": "代理商管理平台", "name": "saofu-agent-web"}, {"application_type": 1, "type_name": "web", "department_name": "商户平台部", "note": "掌贝POS激活、ROM升级的webapp", "name": "hop-client"}, {"application_type": 1, "type_name": "web", "department_name": "商户平台部", "note": "硬件管理平台", "name": "hop-web"}, {"application_type": 3, "type_name": "api", "department_name": "商户平台部", "note": "微信公众号事件接收服务webapp", "name": "weixin-api"}, {"application_type": 2, "type_name": "mod", "department_name": "用户管理部", "note": "用户平台部会员管理服务", "name": "saofu-mod-member"}, {"application_type": 2, "type_name": "mod", "department_name": "用户管理部", "note": "crm管理服务", "name": "saofu-mod-crm"}, {"application_type": 2, "type_name": "mod", "department_name": "用户管理部", "note": "用户基础服务(旧)", "name": "saofu-mod-customer"}, {"application_type": 2, "type_name": "mod", "department_name": "用户管理部", "note": "支付宝基础服务", "name": "user-mod-alipay"}, {"application_type": 2, "type_name": "mod", "department_name": "用户管理部", "note": "用户基础服务(新)", "name": "user-mod-customer"}, {"application_type": 1, "type_name": "web", "department_name": "用户管理部", "note": "商户后台-智能CRM模块", "name": "saofu-shop-crm"}, {"application_type": 1, "type_name": "web", "department_name": "用户管理部", "note": "商户后台-卡券模块", "name": "saofu-shop-card"}, {"application_type": 2, "type_name": "mod", "department_name": "开放平台部", "note": "开放平台api", "name": "open-mod-api"}, {"application_type": 2, "type_name": "mod", "department_name": "开放平台部", "note": "旧版开放平台rest，8/25后下架", "name": "open-mod-broker"}, {"application_type": 2, "type_name": "mod", "department_name": "开放平台部", "note": "开放平台网关入口", "name": "open-mod-gateway"}, {"application_type": 2, "type_name": "mod", "department_name": "开放平台部", "note": "开放平台数据操作层", "name": "open-mod-third"}, {"application_type": 2, "type_name": "mod", "department_name": "开放平台部", "note": "电子发票对外接口", "name": "invoice-mod-facade"}, {"application_type": 2, "type_name": "mod", "department_name": "开放平台部", "note": "电子发票对外接口、为facade提供数据操作接口", "name": "invoice-mod-service"}, {"application_type": 1, "type_name": "web", "department_name": "开放平台部", "note": "电子发票配置，方便运营人员对商户的发票参数配置进行管理，比如纳税人名称，纳税人识别码，行业类型等信息", "name": "invoice-web-oem"}, {"application_type": 1, "type_name": "web", "department_name": "开放平台部", "note": "电子发票商户后台配置，比如可以选择电子发票或者抬头助手，比如如果选择电子发票，则配置对应的发票项目，发票有效时长，发票人员设置，纳税人信息设置，查看开具的发票列表等", "name": "invoice-web-shop"}, {"application_type": 1, "type_name": "web", "department_name": "开放平台部", "note": "开放平台涉及到第三方应用授权时，需要要求商户登录自己的用户名秘密，然后获取code，access_token，refresh_access_token，同时开放平台对外提供的API文档参考信息也在此应用中", "name": "open-web-admin"}, {"application_type": 2, "type_name": "mod", "department_name": "支付平台部", "note": "收银台模块", "name": "cashier-mod-service"}, {"application_type": 2, "type_name": "mod", "department_name": "支付平台部", "note": "重构-交易流程模块", "name": "payment-mod-facade"}, {"application_type": 2, "type_name": "mod", "department_name": "支付平台部", "note": "重构-交易查询模块", "name": "payment-mod-service"}, {"application_type": 2, "type_name": "mod", "department_name": "支付平台部", "note": "旧支付&订单模块", "name": "saofu-mod-pay"}, {"application_type": 2, "type_name": "mod", "department_name": "支付平台部", "note": "旧支付模块", "name": "saofu-mod-trade"}, {"application_type": 2, "type_name": "mod", "department_name": "支付平台部", "note": "重构-订单系统模块", "name": "order-mod-facade"}, {"application_type": 2, "type_name": "mod", "department_name": "支付平台部", "note": "重构-订单系统查询模块", "name": "order-mod-service"}, {"application_type": 2, "type_name": "mod", "department_name": "支付平台部", "note": "旧支付定时任务模块", "name": "pay-mod-job"}, {"application_type": 2, "type_name": "mod", "department_name": "支付平台部", "note": "旧支付消息模块", "name": "pay-mod-message"}, {"application_type": 2, "type_name": "mod", "department_name": "支付平台部", "note": "重构-交易通知模块", "name": "payment-mod-extranet"}, {"application_type": 1, "type_name": "web", "department_name": "支付平台部", "note": "商户后台-支付模块", "name": "pay-web-shop"}, {"application_type": 3, "type_name": "api", "department_name": " 支付平台部", "note": " 接收微信的支付回调请求", "name": "saofu-weixin"}, {"application_type": 1, "type_name": "web", "department_name": "支付平台部", "note": "POSP后台", "name": "posp-web-web"}, {"application_type": 1, "type_name": "web", "department_name": "支付平台部", "note": "POSP通知后台", "name": "posp-web-job"}, {"application_type": 3, "type_name": "api", "department_name": "支付平台部", "note": "POSP接口", "name": "posp-web-api"}, {"application_type": 2, "type_name": "mod", "department_name": "支付平台部", "note": "POSP交易系统", "name": "posp-mod-transaction"}, {"application_type": 2, "type_name": "mod", "department_name": "智慧餐厅部", "note": "外卖统计，支付统计数据", "name": "saofu-mod-stats"}, {"application_type": 1, "type_name": "web", "department_name": "智慧餐厅部", "note": "新智慧餐厅后台", "name": "canyin"}, {"application_type": 0, "type_name": "web+api", "department_name": "智慧餐厅部", "note": "拉客以及智能小二及商户后台模块", "name": "marketing"}, {"application_type": 0, "type_name": "web+api", "department_name": "智慧餐厅部", "note": "对接第三方外卖平台系统及商户后台模块", "name": "waimai"}, {"application_type": 1, "type_name": "web", "department_name": "智慧餐厅部", "note": "综合管理平台-外卖、拉客、智能小二运营报表以及相关运营配置", "name": "waimaimng"}, {"application_type": 3, "type_name": "api", "department_name": "终端研发部", "note": "微信小程序服务端", "name": "wxapp"}, {"application_type": 1, "type_name": "web", "department_name": "终端研发部", "note": "商户后台-微信小程序模块", "name": "wxapp-mgr"}, {"application_type": 1, "type_name": "web", "department_name": "终端研发部", "note": "商户营销数据的app", "name": "zhangbei-biz-app"}, {"application_type": 1, "type_name": "web", "department_name": "终端研发部", "note": "排队功能服务端", "name": "linesvr-web"}, {"application_type": 2, "type_name": "mod", "department_name": "终端研发部", "note": "排队功能", "name": "linesvr-mod-service"}, {"application_type": 2, "type_name": "mod", "department_name": "终端研发部", "note": "联盟小程序服务端", "name": "wxapp-service"}, {"application_type": 1, "type_name": "web", "department_name": "终端研发部", "note": "微信公众号H5-会员模块", "name": "user-web-mobile"}, {"application_type": 2, "type_name": "mod", "department_name": "终端研发部", "note": "授权小程序基础服务端", "name": "wxapp-mod-auth"}, {"application_type": 1, "type_name": "web", "department_name": "终端研发部", "note": "微信公众号H5访问端", "name": "saofu-mobile"}, {"application_type": 3, "type_name": "api", "department_name": "终端研发部", "note": "授权小程序 对外https服务接口", "name": "wxapp-web-api"}, {"application_type": 1, "type_name": "web", "department_name": "终端研发部", "note": "商户后台-授权小程序管理", "name": "wxapp-web-admin"}, {"application_type": 1, "type_name": "web", "department_name": "终端研发部", "note": "商户后台的H5实现(老板APP)", "name": "shdata-web-mobile "}, {"application_type": 1, "type_name": "web", "department_name": "终端研发部", "note": "商城微信端独立模块", "name": "mall-web-mobile"}, {"application_type": 1, "type_name": "web", "department_name": "终端研发部", "note": "排队微信端独立模块", "name": "linesvr-web-mobile"}, {"application_type": 2, "type_name": "mod", "department_name": "平台架构部", "note": "数据库sys_config表配置提供服务，供应用在启动的时候读取数据库配置", "name": "yunnex-mod-config"}, {"application_type": 2, "type_name": "mod", "department_name": "平台架构部", "note": "基础服务模块，提供省市县查询、短链接、sequence生成服务等", "name": "yunnex-mod-foundation"}, {"application_type": 3, "type_name": "api", "department_name": "平台架构部", "note": "短链接应用，用于接收短链接请求并重定向到原始链接地址", "name": "shorturl-web"}, {"application_type": 2, "type_name": "mod", "department_name": "平台架构部", "note": "短信发送服务模块", "name": "notification-mod-sms"}, {"application_type": 2, "type_name": "mod", "department_name": "平台架构部", "note": "短信服务MQ监听进程", "name": "notification-mod-message"}, {"application_type": 2, "type_name": "mod", "department_name": "平台架构部", "note": "短信服务定时任务处理", "name": "notification-mod-job"}, {"application_type": 1, "type_name": "web", "department_name": "平台架构部", "note": "运维管理平台（内部使用）", "name": "yunnex-admin"}, {"application_type": 1, "type_name": "web", "department_name": "平台架构部", "note": "javadoc文档浏览服务（内部使用）", "name": "javadoc"}, {"application_type": 1, "type_name": "web", "department_name": "公共", "note": "设备端服务访问入口", "name": "saofu-client"}], "total_count": 90}